Rock,rock
Blues,rock
Punk,rock
J-Rock,rock
J-Pop,pop
DOMESTIC(J-POPS),pop
Alternative,rock
Pop,pop
Indie Rock,rock
JPop,pop
Alternative And Punk,rock
Contemporary Country,pop
Country,pop
French Pop,pop
pop,pop
Adult Contemporary,pop
2005,pop
R&B,pop
Industrial Metal,rock
Alternative Hard Rock,rock
Abstract,pop
Acid Jazz,pop
Alternative Rock,rock
FOE Unknown,pop
PopRock,rock
Folkrock,rock
Acoustic,pop
Indie,rock
Bonus,pop
Hip Hop,pop
Crazy,pop
Dance & House,pop
Club/Dance,pop
Punk Rock,rock
Adult Alternative Pop/Rock,rock
Alternative Pop/Rock,rock
Instrumental Rock,rock
Hip-Hop,pop
Post Rock,rock
Ambient,pop
Ballad,pop
Japanese Rock,rock
Hard Rock,rock
Dance Pop,pop
Math Rock,rock
Post-Rock,rock
Dance,pop
Blues Rock,rock
Unknown,rock
Classic Rock,rock
J -Pop,pop
J-POP,pop
Grunge,rock
邦楽,pop
Alternative Punk,rock
Metal,rock
Noise Rock,rock
Pops,pop